БЕГ|Боловсролын Ерөнхий Газар
АА|Аж Ахуй
ААА|Ардын Аж Ахуйтан
ААЗ|Ардын Аман Зохиол
ААН|Аж Ахуйн Нэгж
ААНБ|Аж Ахуйн Нэгж Байгууллага
ААНОАТ|Аж Ахуйн Нэгжийн Орлогын Албан Татвар
ААШТ|Азийн Аварга Шалгаруулах Тэмцээн
АББ|Албан Бус Боловсрол
АББД|Ажлын Байран Дахь Бэлгийн Дарамт
АБТЭМА|Ачиж, Буулгах Тээвэр Экспедицийн Механикжсан Анги
АВА|Америкийн Волейболын Ассоциаци
АВС|Эи Би Си
АДХГЗ|Ардын Депутатуудын Хурлын Гүйцэтгэх Захиргаа
АЕГ|Архивын Ерөнхий Газар
АЖ|Ардын Жүжигчин
АЖГ|Аялал Жуулчлалын Газар
АЖЯ|Аялал Жуулчлалын Яам
АЗЗА|Авто Замын Засвар, Арчлалт
АЗХ|Ардчилсан Залуучуудын Холбоо
АИХ|Ардын Их Хурал
АИХЭА|Ардчилсан Институт Хүний Эрхийн Алба
АИХЭГ|Ардчилсан Институтүүд, Хүний Эрхийн Газар
АМГТГ|Ашигт Малтмал, Газрын Тосны Газар
АМГТХЭГ|Ашигт Малтмал, Газрын Тосны Хэрэг Эрхлэх Газар
АМНАТ|Ашигт Малтмалын Нөөц Ашигласны Төлбөр
АМТГ|Ашигт Малтмал Газрын Тосны Газар
АМХЭГ|Ашигт Малтмалын Хэрэг Эрхлэх Газар
АН|Ардчилсан Нам
АНУ|Америкийн Нэгдсэн Улс
АНЭ|Аймгийн Нэгдсэн Эмнэлэг
АНЭУ|Арабын Нэгдсэн Эмират Улс
АОС|Ажилчны Орон Сууц
АПЕК|Ази Номхон Далайн Орнуудын Эдийн Засгийн Хамтын Ажиллагааны Байгууллага
АПУ|Архи, Пиво, Ундаа
АСА|АСА
АСЕМ|АСЕМ
АСЕТ|Ази, Европын Улсуудын Дээд Хэмжээний Уулзалт
АСК|Ажилчны Соёлын Клуб
АТА|Авто Тээврийн Алба
АТАШТ|Ази Тивийн Аварга Шалгаруулах Тэмцээн
АТБЗГ|Авто Тээврийн Бодлогын Хэрэгжилтийг Зохицуулах Газар
АТГ|Авлигатай Тэмцэх Газар
АТМ|Эй Ти Эм
АТОЗ|Ард Түмний Онцгой Зөвлөл
АТР|Авто Тээврийн Рот
АТҮТ|Авто Тээврийн Үндэсний Төв
АТӨЯХ|Авто Тээвэр, Өөрөө Явагч Хэрэгсэл
АУ|Анагаах Ухаан
АУДС|Анагаах Ухааны Дээд Сургууль
АУИС|Анагаах Ухааны Их Сургууль
АУС|Анагаах Ухааны Сургууль
АУХ|Арабын Улсуудын Холбоо
АХБ|Азийн Хөгжлийн Банк
АХГГГАХМАТ|Ажиллах Хүч Гадаадад Гаргах, Гадаадаас Ажиллах Хүч, Мэргэжилтэн Авах Тухай
АХТ|Ардын Хурлын Тэргүүлэгчид
АХХС|Азийн Хотуудын Хөгжлийн Санаачилга
АХЦС|Автомашиныг Хийгээр Цэнэглэх Станц
АХЭ|Ардчилсан Хүчний Эвсэл
АЦС|Атомын Цахилгаан Станц
АЧАХ|Анголыг Чөлөөлөх Ардын Хөдөлгөөн
АЧИ|Агаарын Чанарын Индекс
АШ|Анхан Шат
АШТ|Аварга Шалгаруулах Тэмцээн
АШУИС|Анагаахын Шинжлэх Ухааны Их Сургууль
АШУҮИС|Анагаахын Шинжлэх Ухааны Үндэсний Их Сургууль
АЭС|Агро Экологийн Сургууль
АЭХ|Ардчилсан Эмэгтэйчүүдийн Холбоо
АӨСҮТ|Арьсны Өвчин Судлалын Үндэсний Төв
БАА|Болгарын Ардын Арми
ББЗХ|Байгалийн Баялгийн Засаглалын Хүрээлэн
ББСБ|Банк Бус Санхүүгийн Байгууллага
БГ|Баянгол
БГД|Баянгол Дүүрэг
БЗД|Баянзүрх Дүүрэг
БЗДХ|Бэлгийн Замаар Дамжих Халдвар
БЗНЭ|Баянзүрх Дүүргийн Нэгдсэн Эмнэлэг
БЗХӨ|Бэлгийн Замын Халдварт Өвчин
БМДИ|Багшийн Мэргэжил Дээшлүүлэх Институт
БМИҮЗ|Боловсролын Магадлан Итгэмжлэлийн Үндэсний Зөвлөл
БН|Бүгд Найрамдах
БНАГУ|Бүгд Найрамдах Ардчилсан Герман Улс
БНАЛАУ|Бүгд Найрамдах Ардчилсан Лаос Улс
БНАСАУ|Бүгд Найрамдах Ардчилсан Солонгос Ард Улс
БНАСУ|Бүгд Найрамдах Ардчилсан Сомали Улс
БНАУ|Бүгд Найрамдах Австри Улс
БНБУ|Бүгд Найрамдах Буриад Улс
БНД|Багануур Дүүрэг
БНЗУ|Бүгд Найрамдах Зимбабве Улс
БНИУ|Бүгд Найрамдах Итали Улс
БНКУ|Бүгд Найрамдах Куба Улс
БНКАУ|Бүгд Найрамдах Казахстан Улс
БНМАУ|Бүгд Найрамдах Монгол Ард Улс
БНН|Бүгд Найрамдах Нам
БНОУХ|Бүгд Найрамдахчуудын Олон Улсын Хүрээлэн
БНПУ|Бүгд Найрамдах Польш Улс
БНСАУ|Бүгд Найрамдах Сомали Ард Улс
БНСВУ|Бүгд Найрамдах Социалист Вьетнам Улс
БНСУ|Бүгд Найрамдах Солонгос Улс
БНТУ|Бүгд Найрамдах Турк Улс
БНУ|Бүгд Найрамдах Улс
БНУУ|Бүгд Найрамдах Унгар Улс
БНХАУ|Бүгд Найрамдах Хятад Ард Улс
БНЧУ|Бүгд Найрамдах Чех Улс
БНЭУ|Бүгд Найрамдах Энэтхэг Улс
БНӨСУ|Бүгд Найрамдах Өмнөд Судан Улс
БОАЖ|Байгаль Орчин, Аялал Жуулчлал
БОАЖГ|Байгаль Орчин, Аялал Жуулчлалын Газар
БОАЖЯ|Байгаль Орчин, Аялал Жуулчлалын Яам
БОГУУХХ|Байгаль Орчин, Геологи, Уул Уурхайн Хяналтын Хэлтэс
БОНХ|Байгаль Орчин Ногоон Хөгжил
БОХУБ|Байгаль Орчны Хяналтын Улсын Байцаагч
БОХХАА|Байгаль Орчин, Хүнс, Хөдөө Аж Ахуй
БОЭТ|Бүсийн Оношилгоо Эмчилгээний Төв
БСШУ|Боловсрол, Соёл, Шинжлэх Ухаан
БСШУС|Боловсрол Соёл Шинжлэх Ухаан Спорт
БСШУСЯ|Боловсрол, Соёл, Шинжлэх Ухаан, Спортын Яам
БСШУЯ|Боловсрол, Соёл, Шинжлэх Ухааны Яам
БТ|Биеийн Тамир
БТС|Биеийн Тамирын Сургууль
БТСГ|Биеийн Тамир Спортын Газар
БТТА|Биеийн Тамирын Тэргүүний Ажилтан
БТХ|Бичил Төслийн Хөтөлбөр
БУХС|Бизнесийн Удирдлага, Хүмүүнлэгийн Сургууль
БХАТИХ|Бүх Хятадын Ардын Төлөөлөгчдийн Их Хурал
БХБ|Барилга, Хот Байгуулалт
БХБЯ|Барилга, Хот Байгуулалтын Яам
БХД|Багахангай Дүүрэг
БХЗГ|Бодлогын Хэрэгжилтийг Зохицуулах Газар
БХИС|Батлан Хамгаалахын Их Сургууль
БХЯ|Батлан Хамгаалах Яам
БЦГ|Байгалийн Цогцолборт Газар
БШУЯ|Боловсрол Шинжлэх Ухааны Яам
БҮТ|Бизнес Үйлчилгээний Төв
БҮТ|Боловсролын Үнэлгээний Төв
ВВС|Би Би Си
ГАТТ|Тариф Худалдааны Ерөнхий Хэлэлцээр
ГБХЗХГ|Гэр Бүл Хүүхэд Залуучуудын Хөгжлийн Газар
ГЕГ|Гаалийн Ерөнхий Газар
ГИХГ|Гадаадын Иргэн, Харьяатын Газар
ГССҮТ|Гэмтэл Согог Судлалын Үндэсний Төв
ГТБХЗГ|Газар Тариалангийн Бодлогын Хэрэгжилтийг Зохицуулах Газар
ГТСМТТ|Гааль Татвар Санхүүгийн Мэдээлэл Технологийн Төв
ГУСГ|Гамшгаас Урьдчилан Сэргийлэх Газар
ГУХ|Гал Унтраах Хэлтэс
ГХ|Гадаад Харилцаа
ГХГ|Гадаад Харилцааны Газар
ГХО|Гадаадын Хөрөнгө Оруулагч
ГХУСАЗС|Гэмт Хэргээс Урьдчилан Сэргийлэх Ажлыг Зохицуулах Салбар
ГХУСАЗСЗ|Гэмт Хэргээс Урьдчилан Сэргийлэх Ажлыг Зохицуулах Салбар Зөвлөл
ГХЯ|Гадаад Харилцааны Яам
ГШУГ|Гамшгийн Шуурхай Удирдлагын Газар
ГЯЯ|Гадаад Явдлын Яам
ГҮТББ|Гишүүддээ Үйлчлэх Төрийн Бус Байгууллага
ДАШТ|Дэлхийн Аварга Шалгаруулах Тэмцээн
ДБ|Дэлхийн Банк
ДБХХ|Дэд Бүтцийн Хяналтын Хэлтэс
ДБЭТ|Дуурь Бүжгийн Эрдмийн Театр
ДГХО|Далайд Гарцгүй Хөгжиж Буй Орнууд
ДМАЭМБ|Дэлхийн Мал Амьтны Эрүүл Мэндийн Байгууллага
ДНБ|Дотоодын Нийт Бүтээгдэхүүн
ДНК|ДНК
ДНХ|Дезоксирибо-Нуклейний Хүчил
ДОХ|Дархлалын Олдмол Хомсдол
ДОӨБ|Дэлхийн Оюуны Өмчийн Байгууллага
ДХБ|Дэлхийн Худалдааны Байгууллага
ДХЯ|Дотоод Хэргийн Яам
ДЦГ|Дархан Цаазат Газар
ДЦС|Дулааны Цахилгаан Станц
ДЭЗЧ|Дэлхийн Эдийн Засгийн Чуулга
ДЭЗЧУ|Дорнын Эдийн Засгийн Чуулга Уулзалт
ДЭЗЧУБ|Дэлхийн Эдийн Засгийн Чуулга Уулзалтын Байгууллага
ДЭМБ|Дэлхийн Эрүүл Мэндийн Байгууллага
ЕАБХАБ|Европын Аюулгүй Байдал Хамтын Ажиллагааны Байгууллага
ЕАШТ|Европын Аварга Шалгаруулах Тэмцээн
ЕАЭЗХ|Евроазийн Эдийн Засгийн Холбоо
ЕБС|Ерөнхий Боловсролын Сургууль
ЕНБД|Ерөнхий Нарийн Бичгийн Дарга
ЕСБХБ|Европын Сэргээн Босголт Хөгжлийн Банк
ЕХ|Европын Холбоо
ЕХБХ|Европын Хөл Бөмбөгийн Холбоо
ЖАЙКА|ЖАЙКА
ЖДҮ|Жижиг, Дунд Үйлдвэр
ЖДҮХБХЗГ|Жижиг, Дунд Үйлдвэр, Хоршооны Бодлогын Хэрэгжилтийг Зохицуулах Газар
ЖДҮХС|Жижиг, Дунд Үйлдвэрийг Хөгжүүлэх Сан
ЖШУХ|Жижүүрийн Шуурхай Удирдлагын Хэлтэс
ЗГ|Засгийн Газар
ЗГХА|Засгийн Газрын Хэрэгжүүлэгч Агентлаг
ЗГХК|Засгийн Газар Хоорондын Комисс
ЗГХМОНХХ|Засгийн Газрын Хэвлэл Мэдээлэл Олон Нийттэй Харилцах Хэлтэс
ЗГХЭГ|Засгийн Газрын Хэрэг Эрхлэх Газар
ЗДТГ|Засаг Даргын Тамгын Газар
ЗЗ|Зах Зээл
ЗТБХБ|Зам Тээвэр Барилга Хот Байгуулалт
ЗТН|Зорчигч Тээврийн Нэгтгэл
ЗТХ|Зам Тээвэр Хөгжил
ЗТХЯ|Зам, Тээврийн Хөгжлийн Яам
ЗТЭ|Зээлжих Тусгай Эрх
ЗТЯ|Зам Тээврийн Яам
ЗХ|Зэвсэгт Хүчин
ЗХАБТХ|Замын Хөдөлгөөний Аюулгүй Байдлын Тухай Хууль
ЗХЖШ|Зэвсэгт Хүчний Жанжин Штаб
ЗХУ|Зөвлөлт Холбоот Улс
ЗХУТ|Замын Хөдөлгөөний Удирдлагын Төв
ЗЦА|Замын Цагдаагийн Алба
ЗЦГ|Замын Цагдаагийн Газар
ЗӨСҮТ|Зоонозын Өвчин Судлалын Үндэсний Төв
ИБТ|Иргэний Боловсролын Төв
ИБУИНВУ|Их Британи, Умард Ирландын Нэгдсэн Вант Улс
ИЗББ|Ипотекийн Зээлээр Баталгаажсан Бонд
ИЗОУИС|Их Засаг Олон Улсын Их Сургууль
ИНЕГ|Иргэний Нисэхийн Ерөнхий Газар
ИНХ|Иргэдийн Нийтийн Хурал
ИТХ|Иргэдийн Төлөөлөгчдийн Хурал
КГБ|Комитет Государственной Безопасности
КОЙКА|КОЙКА
ЛГБТ|Лесби, Гей, Бисексуал, Трансжендер
МАА|Мал Аж Ахуй
МААБХЗГ|Мал Аж Ахуйн Бодлогын Хэрэгжилтийг Зохицуулах Газар
МАЖХ|Монголын Аялал Жуулчлалын Холбоо
МАК|Монголын Алт Корпорац
МАН|Монгол Ардын Нам
МАНАН|МАНАН
МАОЭНХ|Монголын Ажил Олгогч Эздийн Нэгдсэн Холбоо
МАОЭХ|Монголын Ажил Олгогч Эздийн Холбоо
МАХН|Монгол Ардын Хувьсгалт Нам
МБЗ|Монголын Бизнесийн Зөвлөл
МБОИЗ|Монголын Байгаль Орчны Иргэний Зөвлөл
МБХ|Монголын Банкны Холбоо
МБШТ|Монголын Бурхан Шашны Төв
МБШУҮЭХ|Монголын Боловсрол, Шинжлэх Ухааны Үйлдвэрчний Эвлэлийн Хороо
МГТИС|Монгол-Германы Хамтарсан Ашигт Малтмал, Технологийн Их Сургууль
МДХ|Монголын Дизайнеруудын Холбоо
МЗХ|Монголын Залуучуудын Холбоо
МЗЭ|Монголын Зохиолчдын Эвлэл
МИАТ|Монголын Иргэний Агаарын Тээвэр
МИДСК|Монголын Их, Дээд Сургуулиудын Консорциум
МИС|Механик Инженерчлэлийн Сургууль
МКДБХХ|Монгол Кино, Дэлгэцийн Бүтээлийг Хамгаалах Холбоо
МНБИНХ|Монголын Нам Бус Иргэдийн Нэгдсэн Холбоо
МОНЦАМЭ|Монголын Цахилгаан Мэдээ
МОСХ|Бүсийн Оношилгоо Эмчилгээний Төв
МОХ|Монголын Оюутны Холбоо
МОӨХХ|Монголын Оюуны Өмчийг Хамгаалах Холбоо
МСБХ|Монголын Сагсан Бөмбөгийн Холбоо
МСК|Мянганы Сорилтын Корпорац
МСНЭ|Монголын Сэтгүүлчдийн Нэгдсэн Эвлэл
МСС|Мянганы Сорилын Сан
МСЭ|Монголын Сэтгүүлчдийн Эвлэл
МСҮТ|Мэргэжлийн Сургалт, Үйлдвэрлэлийн Төв
МТЗ|Монголын Төмөр Зам
МТХ|Монголын Телевизүүдийн Холбоо
МТХГТҮЭХ|Монголын Тээвэр, Холбоо, Газрын Тосны Үйлдвэрчний Эвлэлийн Холбоо
МТҮП|Мэдээллийн Технологийн Үндэсний Парк
МУ|Монгол Улс
МУАЖ|Монгол Улсын Ардын Жүжигчин
МУБИС|Монгол Улсын Боловсролын Их Сургууль
МУГБ|Монгол Улсын Гавьяат Багш
МУГД|Монгол Улсын Гавьяат Дасгалжуулагч
МУГЖ|Монгол Улсын Гавьяат Жүжигчин
МУГТ|Монгол Улсын Гавьяат Тамирчин
МУЗ|Монголын Урлагийн Зөвлөл
МУЗН|Монголын Улаан Загалмайн Нийгэмлэг
МУИС|Монгол Улсын Их Сургууль
МУСГЗ|Монгол Улсын Соёлын Гавьяат Зүтгэлтэн
МУСТА|Монгол Улсын Соёлын Тэргүүний Ажилтан
МУУГЗ|Монгол Улсын Урлагийн Гавьяат Зүтгэлтэн
МУХБ|Монгол Улсын Хөгжлийн Банк
МУЭ|Монголын Урчуудын Эвлэл
МУҮХ|Монголын Уулчдын Үндэсний Холбоо
МХБ|Монголын Хөрөнгийн Бирж
МХБХ|Монголын Хөл Бөмбөгийн Холбоо
МХГ|Мэргэжлийн Хяналтын Газар
МХЕГ|Мэргэжлийн Хяналтын Ерөнхий Газар
МХЗЭ|Монголын Хувьсгалт Залуучуудын Эвлэл
МХМЗ|Монголын Хэвлэл Мэдээллийн Зөвлөл
МХХ|Монголын Хөтлөгчдийн Холбоо
МХХОУХ|Мэдээлэл Харилцааны Хөгжлийн Олон Улсын Хөтөлбөр
МХХТДИ|Мэдээлэл, Харилцаа Холбооны Технологийг Дэлгэрүүлэх Институт
МХЭАХН|Монголын Хэрэглэгчдийн Эрх Ашгийг Хамгаалах Нийгэмлэгүүд
МХЭАХНҮХ|Монголын Хэрэглэгчдийн Эрх Ашгийг Хамгаалах Нийгэмлэгүүдийн Үндэсний Холбоо
МХҮХ|Монголын Хараагүйчүүдийн Үндэсний Холбоо
МЦХ|Монголын Цахилгаан Холбоо
МЧБХ|Монголын Чөлөөт Бөхийн Холбоо
МШХ|Монголыг Шатрын Холбоо
МШХХ|Монголын Шагайн Харвааны Холбоо
МЭ|Манай Эрин
МЭТ|Монгол Экологи Төв
МЭӨ|Манай Эриний Өмнөх
МоАХ|Монголын Ардчилсан Холбоо
МҮАН|Монгол Үндэсний Ардчилсан Нам
МҮБЗ|Монголын Үндэсний Брэндийн Зөвлөл
МҮБХ|Монголын Үндэсний Бөхийн Холбоо
МҮИС|Монголын Үндэсний Их Сургууль
МҮОНР|Монголын Үндэсний Олон Нийтийн Радио
МҮОНРТ|Монголын Үндэсний Олон Нийтийн Радио Телевиз
МҮОНРТВ|Монголын Үндэсний Олон Нийтийн Радио Телевиз
МҮОНТ|Монголын Үндэсний Олон Нийтийн Телевиз
МҮОНТВ|Монголын Үндэсний Олон Нийтийн Телевиз
МҮОХ|Монголын Үндэсний Олимпын Хороо
МҮСБХ|Монголын Үндэсний Сагсан Бөмбөгийн Холбоо
МҮХАҮ|Монголын Үндэсний Худалдаа Аж Үйлдвэр
МҮХАҮТ|Монголын Үндэсний Худалдаа Аж Үйлдвэрийн Танхим
МҮЭ|Монголын Үйлдвэрчний Эвлэл
МҮЭСТ|Монголын Үйлдвэрчний Эвлэлийн Соёлын Төв
МҮЭСТО|Монголын Үйлдвэрчний Эвлэлийн Соёлын Төв Ордон
МҮЭХ|Монголын Үйлдвэрчний Эвлэлийн Холбоо
НАЖГ|Нийслэлийн Аялал Жуулчлалын Газар
НАЗГ|Нийслэлийн Авто Замын Хөгжлийн Газар
НАЗХГ|Нийслэлийн Авто Замын Хөгжлийн Газар
НАМОХ|Нийгмийн Ардчилал Монголын Оюутны Холбоо
НАСА|Үндэсний Агаарын Тээвэр Ба Сансрын Нислэгийн Алба
НАТО|НАТО
НАХЯ|Нийгмийг Аюулаас Хамгаалах Яам
НББСШУ|Нийгмийн Бодлого, Боловсрол, Соёл, Шинжлэх Ухаан
НББСШУБХ|Нийгмийн Бодлого, Боловсрол, Соёл, Шинжлэх Ухааны Байнгын Хороо
НБГ|Нийслэлийн Боловсролын Газар
НБДГ|Нарийн Бичгийн Дарга Нарын Газар
НБОГ|Нийслэлийн Байгаль Орчны Газар
НГА|Нийслэлийн Газрын Алба
НГТУ|Новосибирскийн Улсын Техникийн Их Сургууль
НГХДБГ|Нийслэлийн Гэр Хорооллын Дэд Бүтцийн Газар
НГХУСАЗЗ|Нийслэлийн Гэмт Хэргээс Урьдчилан Сэргийлэх Ажлыг Зохицуулах Зөвлөл
НДЕГ|Нийгмийн Даатгалын Ерөнхий Газар
НДШ|Нийгмийн Даатгалын Шимтгэл
НЗД|Нийслэлийн Засаг Дарга
НЗДТГ|Нийслэлийн Засаг Даргын Тамгын Газар
НЗТ|Нээлттэй Засгийн Түншлэл
НЗТН|Нийслэлийн Зорчигч Тээврийн Нэгтгэл
НИТАЖ|Нутгийн Иргэдэд Түшиглэсэн Аялал Жуулчлал
НИТХ|Нийслэлийн Иргэдийн Төлөөлөгчдийн Хурал
НИТХТ|Нийслэлийн Иргэдийн Төлөөлөгчдийн Хурлын Тэргүүлэгчид
НКВД|Дотоод Хэргийн Ардын Комиссариат
НМХГ|Нийслэлийн Мэргэжлийн Хяналтын Газар
НМХЕГ|Нийслэлийн Мэргэжлийн Хяналтын Ерөнхий Газар
ННФ|Нээлттэй Нийгэм Форум
НОБГ|Нийслэлийн Онцгой Байдлын Газар
НОСК|Нийслэлийн Орон Сууцны Корпорац
НСУГ|Нийслэлийн Соёл Урлагийн Газар
НТӨ|Нийтийн Тооллын Өмнөх
НХТ|Нийслэлийн Хот Төлөвлөлт
НХХ|Хөдөлмөр Нийгмийн Хамгаалал
НХХЯ|Нийгмийн Хамгаалал, Хөдөлмөрийн Яам
НХЭГ|Нийслэлийн Хөдөлмөр Эрхлэлтийн Газар
НЦГ|Нийслэлийн Цагдаагийн Газар
НЭМГ|Нийслэлийн Эрүүл Мэндийн Газар
НЭМҮТ|Нийгмийн Эрүүл Мэндийн Үндэсний Төв
НҮБ|Нэгдсэн Үндэстний Байгууллага
НҮБХХ|Нэгдсэн Үндэстний Байгууллагын Хөгжлийн Хөтөлбөр
НҮНТ|Нийслэлийн Үйлчилгээний Нэгдсэн Төв
НҮТББ|Нийгэмд Үйлчилдэг Төрийн Бус Байгууллага
НӨАТ|Нэмүү Өртгийн Албан Татвар
ОБЕГ|Онцгой Байдлын Ерөнхий Газар
ОБХ|Онцгой Байдлын Хэлтэс
ОНБМТ|Олон Нийтийн Боловсрол, Мэдээллийн Төв
ОНЗ|Олон Нийтийн Зөвлөл
ОНХГ|Олон Нийттэй Харилцах Газар
ОНХХ|Орон Нутгийн Хөгжлийн Хөтөлбөр
ОНӨААТҮГ|Орон Нутгийн Өмчит Аж Ахуйн Тооцоот Үйлдвэрийн Газар
ОНӨТҮГ|Орон Нутгийн Өмчит Төсөвт Үйлдвэрийн Газар
ОНӨҮГ|Орон Нутгийн Өмчит Үйлдвэрийн Газар
ООГХ|Одон Орон, Геофизикийн Хүрээлэн
ОСНААУГ|Орон Сууц Нийтийн Аж Ахуйг Удирдах Газар
ОТ|Оюу Толгой
ОУ|Олон Улс
ОУБ|Олон Улсын Байгууллага
ОУВС|Олон Улсын Валютын Сан
ОУНБ|Олон Улсын Нисэх Буудал
ОУОХ|Олон Улсын Олимпын Хороо
ОУПХ|Олон Улсын Парламентын Холбоо
ОУСДӨ|Олон Улсын Сайн Дурынхны Өдөр
ОУСК|Олон Улсын Санхүүгийн Корпорац
ОУСС|Олон Улсын Сансрын Станц
ОУУБИС|Олон Улсын Улаанбаатарын Их Сургууль
ОУУДАХ|Олон Улсын Унадаг Дугуйн Аяллын Холбоо
ОУХДС|Олон Улсын Харилцааны Дээд Сургууль
ОУХМ|Олон Улсын Хэмжээний Мастер
ОУХНУС|Олон Улсын Харилцаа Нийтийн Удирдлагын Сургууль
ОУХТ|Олон Улсын Худалдааны Төв
ОУЭЗБДС|Олон Улсын Эдийн Засаг Бизнесийн Дээд Сургууль
ОХУ|Оросын Холбооны Улс
ОҮИТБС|Олборлох Үйлдвэрлэлийн Ил Тод Байдлын Санаачилга
ОӨУБЕГ|Оюуны Өмчийн Улсын Бүртгэлийн Ерөнхий Газар
РМ|Пи Эм Тоосонцор
РС|Пи Си
СБД|Сүхбаатар Дүүрэг
СБНЭ|Сүхбаатар Дүүргийн Нэгдсэн Эмнэлэг
СГЗ|Соёлын Гавьяат Зүтгэлтэн
СДН|Социал Демократ Нам
СЕХ|Сонгуулийн Ерөнхий Хороо
СЗХ|Санхүүгийн Зохицуулах Хороо
СОУЭМС|Солонгосын Олон Улсын Эрүүл Мэндийн Сан
СССР|СССР
СТА|Соёлын Тэргүүний Ажилтан
СТО|Спортын Төв Ордон
СТӨ|Соёлын Төв Өргөө
СУИС|Соёл, Урлагийн Их Сургууль
СХД|Сонгинохайрхан Дүүрэг
СХЗГ|Стандарт, Хэмжил Зүйн Газар
СХНЭ|Сонгинохайрхан Дүүргийн Нэгдсэн Эмнэлэг
СЭЗДС|Санхүү Эдийн Засгийн Дээд Сургууль
СЭЗИС|Санхүү, Эдийн Засгийн Их Сургууль
СЭМҮТ|Сэтгэцийн Эрүүл Мэндийн Үндэсний Төв
СӨБ|Сургуулийн Өмнөх Боловсрол
СӨХ|Сууц Өмчлөгчдийн Холбоо
ТАЗ|Төрийн Албаны Зөвлөл
ТББ|Төрийн Бус Байгууллага
ТББХ|Төрийн Байгуулалтын Байнгын Хороо
ТВ|Телевиз
ТДГД|Тусгай Дуут Болон Гэрлэн Дохио
ТЕГ|Тагнуулын Ерөнхий Газар
ТЗ|Төмөр Зам
ТЗУГ|Төрийн Захиргааны Удирдлагын Газар
ТНБД|Төрийн Нарийн Бичгийн Дарга
ТОСК|Төрийн Орон Сууцны Корпорац
ТТ|Таван Толгой
ТТӨ|Томуу Төст Өвчин
ТУЗ|Төлөөлөн Удирдах Зөвлөл
ТУС|Тохируулгатай Угсардаг Систем
ТУХ|Техникийн Улсын Хороо
ТУХН|Тусгаар Улсуудын Хамтын Нөхөрлөл
ТУХН|Түүхийн Уламжлалыг Хамгаалах Нам
ТХГН|Тусгай Хамгаалалттай Газар Нутаг
ТХСК|Тамхины Хяналтын Суурь Конвенц
ТХШТХ|Төрийн Хяналт Шалгалтын Тухай Хууль
ТЭДС|Тариалан Эрхлэлтийг Дэмжих Сан
ТЭЗҮ|Техник Эдийн Засгийн Үндэслэл
ТҮК|Тохижилт, Үйлчилгээний Компани
ТҮЦ|Түргэн Үйлчилгээний Цэг
ТӨААТҮГ|Төрийн Өмчит Аж Ахуйн Тооцоотой Үйлдвэрийн Газар
ТӨБЗГ|Төрийн Өмчийн Бодлого, Зохицуулалтын Газар
ТӨК|Төрийн Өмчит Компани
ТӨХ|Төрийн Өмчийн Хороо
ТӨХК|Төрийн Өмчит Хувьцаат Компани
ТӨХХК|Төрийн Өмчит Хязгаарлагдмал Хариуцлагатай Компани
ТӨҮГ|Төрийн Өмчийн Үйлдвэрийн Газар
УАБЗ|Үндэсний Аюулгүй Байдлын Зөвлөл
УАБХГ|Улсын Аюулгүй Байдлыг Хангах Газар
УАХЕГ|Улсыг Аюулаас Хамгаалах Ерөнхий Газар
УАШ|Улсын Аварга Шалгаруулах
УАШТ|Улсын Аварга Шалгаруулах Тэмцээн
УБ|Улаанбаатар
УБДС|Улаанбаатар Дулааны Сүлжээ
УБЕГ|Улсын Бүртгэлийн Ерөнхий Газар
УБЗАА|Улаанбаатар Хотын Захирагчийн Ажлын Алба
УБТЗ|Улаанбаатар Төмөр Зам
УБХ|Улсын Бага Хурал
УБЦТС|Улаанбаатар Цахилгаан Түгээх Станц
УБЭТ|Улсын Бүжгийн Эрдмийн Театр
УБҮ|Уулын Баяжуулах Үйлдвэр
УГЖ|Улсын Гавьяат Жүжигчин
УГЗ|Урлагийн Гавьяат Зүтгэлтэн
УГТЭ|Улсын Гуравдугаар Төв Эмнэлэг
УДБЭТ|Улсын Дуурь Бүжгийн Эрдмийн Театр
УДБЭЧ|Улсын Дуу Бүжгийн Эрдмийн Чуулга
УДЭТ|Улсын Драмын Эрдмийн Театр
УЕП|Улсын Ерөнхий Прокурор
УЕПГ|Улсын Ерөнхий Прокурорын Газар
УЗ|Удирдах Зөвлөл
УЗА|Утга Зохиолын Ажилтан
УИД|Улсын Их Дэлгүүр
УИХ|Улсын Их Хурал
УКТЭ|Улсын Клиникийн Төв Эмнэлэг
УМБГ|Улсын Мөрдөн Байцаах Газар
УМХГ|Улсын Мэргэжлийн Хяналтын Газар
УНТЭ|Улсын Нэгдсэн Төв Эмнэлэг
УОК|Улсын Онцгой Комисс
УСУГ|Ус Сувгийн Удирдах Газар
УТХГ|Улсын Тусгай Хамгаалалттай Газар
УТҮГ|Улсын Төсөвт Үйлдвэрийн Газар
УУ|Уул Уурхай
УУХЯ|Уул Уурхай Хүнд Үйлдвэрийн Яам
УУХҮ|Уул Уурхай, Хүнд Үйлдвэр
УУХҮЯ|Уул Уурхай, Хүнд Үйлдвэрийн Яам
УУЯ|Уул Уурхайн Яам
УЦС|Усан Цахилгаан Станц
УЦУОСМХ|Ус Цаг Уур, Орчны Судалгаа, Мэдээллийн Хүрээлэн
УЦУОШГ|Ус, Цаг Уур, Орчны Шинжилгээний Газар
УҮГ|Улсын Үйлдвэрийн Газар
ФАТФ|Олон Улсын Санхүүгийн Гэмт Хэрэгтэй Тэмцэх Байгууллага
ХАА|Хөдөө Аж Ахуй
ХААИС|Хөдөө Аж Ахуйн Их Сургууль
ХААН|Хөдөө Аж Ахуйн Банк
ХААЯ|Хөдөө Аж Ахуйн Яам
ХАБ|Хөдөлмөрийн Аюулгүй Байдал
ХАСУМ|Хувийн Ашиг Сонирхлын Урьдчилсан Мэдүүлэг
ХАҮТ|Худалдаа Аж Үйлдвэрийн Танхим
ХБНГУ|Холбооны Бүгд Найрамдах Герман Улс
ХБОБНУГ|Хүрээлэн Буй Орчин, Байгалийн Нөөцийн Удирдлагын Газар
ХДХВ|Хүний Дархлал Хомсдолын Вирус
ХЗБХ|Хууль Зүйн Байнгын Хороо
ХЗДХ|Хууль Зүй, Дотоод Хэрэг
ХЗДХЯ|Хууль Зүй, Дотоод Хэргийн Яам
ХЗХ|Хадгаламж Зээлийн Хоршоо
ХЗХБ|Химийн Зэвсгийг Хориглох Байгууллага
ХИС|Хүмүүнлэгийн Ухааны Их Сургууль
ХК|Хувьцаат Компани
ХКН|Хятадын Коммунист Нам
ХМА|Хэвлэл Мэдээллийн Алба
ХМЗ|Хэвлэл Мэдээллийн Зөвлөл
ХМК|Ханын Материалын Комбинат
ХМОНХА|Хэвлэл Мэдээлэл Олон Нийттэй Харилцах Алба
ХМОНХХ|Хэвлэл Мэдээлэл, Олон Нийттэй Харилцах Хэлтэс
ХМХ|Хэвлэл, Мэдээллийн Хэрэгсэл
ХНН|Хувь Нийлүүлсэн Нийгэмлэг
ХНХХ|Хөдөлмөр Нийгмийн Хамгаалал
ХНХЯ|Хөдөлмөр, Нийгэм Хамгааллын Яам
ХО|Хот Орчим
ХОМ|Хөрөнгө Орлогын Мэдүүлэг
ХОЭАХЗ|Хөрөнгө Оруулагчдын Эрх Ашгийг Хамгаалах Зөвлөл
ХСАХ|Хязгаарлагдмал Сонгууль Ажиглах Хороо
ХСИС|Хууль Сахиулахын Их Сургууль
ХСНХ|Хэрэглэгчийн Систем Нийлүүлэгчдийн Холбоо
ХСҮТ|Хавдар Судлалын Үндэсний Төв
ХТИХ|Хариуцлага Тооцох Иргэдийн Хөдөлгөөн
ХУД|Хан-Уул Дүүрэг
ХУИС|Хүмүүнлэгийн Ухааны Их Сургууль
ХУНЭ|Хан-Уул Дүүргийн Нэгдсэн Эмнэлэг
ХХ|Хорьдугаар
ХХАА|Хүнс, Хөдөө Аж Ахуй
ХХААБ|Хүнс, Хөдөө Аж Ахуйн Байгууллага
ХХААГ|Хүнс, Хөдөө Аж Ахуйн Газар
ХХААХҮ|Хүнс, Хөдөө Аж Ахуй, Хөнгөн Үйлдвэр
ХХААХҮЯ|Хүнс, Хөдөө Аж Ахуй, Хөнгөн Үйлдвэрийн Яам
ХХАХҮ|Хүнс Хөдөө Аж Ахуй Хөнгөн Үйлдвэр
ХХБ|Худалдаа Хөгжлийн Банк
ХХГХ|Хүн Худалдаалах Гэмт Хэрэг
ХХЕГ|Хил Хамгаалах Ерөнхий Газар
ХХЗХ|Харилцаа Холбооны Зохицуулах Хороо
ХХК|Хязгаарлагдмал Хариуцлагатай Компани
ХХН|Хязгаарлагдмал Хариуцлагатай Нөхөрлөл
ХХОАТ|Хувь Хүний Орлогын Албан Татвар
ХЦДБЧ|Хилийн Цэргийн Дуу Бүжгийн Чуулга
ХШҮДАГ|Хяналт-Шинжилгээ, Үнэлгээ, Дотоод Аудитын Газар
ХЭЗ|Хүний Эрхийн Зөвлөл
ХЭХ|Хувьцаа Эзэмшигчдийн Хурал
ХЭҮК|Хүний Эрхийн Үндэсний Комисс
ХҮБХЗГ|Хөнгөн Үйлдвэрийн Бодлогын Хэрэгжилтийг Зохицуулах Газар
ХҮИС|Худалдаа Үйлдвэрлэлийн Их Сургууль
ХҮН|Хөдөлмөрийн Үндэсний Нам
ХӨСҮТ|Халдварт Өвчин Судлалын Үндэсний Төв
ХӨТСА|Халдварт Өвчний Тандалт Судалгааны Алба
ХҮБХЗГ|Хөнгөн Үйлдвэрийн Бодлогын Хэрэгжилтийг Зохицуулах Газар
ЦДАШ|Цахилгаан Дамжуулах Агаарын Шугам
ЦДБЭЧ|Цэргийн Дуу Бүжгийн Эрдмийн Чуулга
ЦДҮС|Цахилгаан Дамжуулах Үндэсний Сүлжээ
ЦЕГ|Цагдаагийн Ерөнхий Газар
ЦССТ|Цус Сэлбэлт Судлалын Төв
ЦССҮТ|Цус Сэлбэлт Судлалын Үндэсний Төв
ЦТС|Цахилгаан Түгээх Сүлжээ
ЦУОШГ|Цаг Уур, Орчны Шинжилгээний Газар
ЧД|Чингэлтэй Дүүрэг
ШЕЗ|Шүүхийн Ерөнхий Зөвлөл
ШНУГТЭ|Шастины Нэрэмжит Улсын Гуравдугаар Төв Эмнэлэг
ШТС|Шатахуун Түгээх Станц
ШУ|Шинжлэх Ухаан
ШУА|Шинжлэх Ухааны Академи
ШУТБГ|Шинжлэх Ухаан, Технологийн Бодлогын Газар
ШУТИС|Шинжлэх Ухаан Технологийн Их Сургууль
ШУТС|Шинжлэх Ухаан Технологийн Сан
ШХА|Швейцарын Хөгжлийн Агентлаг
ШХАБ|Шанхайн Хамтын Ажиллагааны Байгууллага
ШШГБ|Шүүхийн Шийдвэр Гүйцэтгэх Байгууллага
ШШГЕГ|Шүүхийн Шийдвэр Гүйцэтгэх Ерөнхий Газар
ШШҮХ|Шүүхийн Шинжилгээний Үндэсний Хүрээлэн
ШӨХТГ|Шударга Өрсөлдөөн Хэрэглэгчийн Төлөө Газар
ЭЕШ|Элсэлтийн Ерөнхий Шалгалт
ЭЗХАХБ|Эдийн Засгийн Хамтын Ажиллагаа, Хөгжлийн Байгууллага
ЭЗХХАС|Эдийн Засгийн Хөгжлийн Хамтын Ажиллагааны Сан
ЭЗҮДС|Эдийн Засгийн Үндэсний Дээд Сургууль
ЭИХХЦХХ|Экспорт, Импорт, Хилийн Хорио Цээрийн Хяналтын Хэлтэс
ЭМ|Эрүүл Мэнд
ЭМАҮЭХ|Эрүүл Мэндийн Ажилтны Үйлдвэрчний Эвлэлийн Хороо
ЭМБСХТ|Эрүүл Мэнд, Боловсрол, Соёлын Хяналтын Төв
ЭМБСХХ|Эрүүл Мэнд, Боловсрол, Соёлын Хяналтын Хэлтэс
ЭМД|Эрүүл Мэндийн Даатгал
ЭМТ|Эрүүл Мэндийн Төв
ЭМШУИС|Эрүүл Мэндийн Шинжлэх Ухааны Их Сургууль
ЭМЯ|Эрүүл Мэндийн Яам
ЭНХ|Энэтхэгийн Нисэх Хүчин
ЭОХ|Эх Оронч Хүмүүжил
ЭСХЗ|Энэтхэгийн Соёлын Харилцааны Зөвлөл
ЭСЯ|Элчин Сайдын Яам
ЭСҮТ|Эмгэг Судлалын Үндэсний Төв
ЭТТ|Эрдэнэс-Таван Толгой
ЭХ|Эрүүгийн Хууль
ЭХХШТХ|Эрүүгийн Хэрэг Хянан Шийдвэрлэх Тухай Хууль
ЭХЭМҮТ|Эх Хүүхдийн Эрүүл Мэндийн Үндэсний Төв
ЭХЯ|Эрчим Хүчний Яам
ЭЦА|Эрүүгийн Цагдаагийн Алба
ЭЦГ|Эрүүгийн Цагдаагийн Газар
ЭША|Эрдэм Шинжилгээний Ажилтан
ЭҮ|Эрдэнэт Үйлдвэр
ЮНЕСКО|ЮНЕСКО
ЮНИДО|Нэгдсэн Үндэстний Байгууллагын Үйлдвэр Хөгжлийн Байгууллага
ҮАБЗ|Үндэсний Аюулгүй Байдлын Зөвлөл
ҮАҮЗ|Үндэсний Аж Үйлдвэрийн Зөвлөл
ҮБТДС|Үндэсний Биеийн Тамирын Дээд Сургууль
ҮБХ|Үндэсний Бөхийн Холбоо
ҮБХИС|Үндэсний Батлан Хамгаалахын Их Сургууль
ҮГА|Үндэсний Геологийн Алба
ҮЗХ|Үндэсний Зөвлөлдөх Хороо
ҮОХ|Үндэсний Олимпын Хороо
ҮОЭТ|Үндэсний Оношилгоо, Эмчилгээний Төв
ҮСХ|Үндэсний Статистикийн Хороо
ҮТЕГ|Үндэсний Татварын Ерөнхий Газар
ҮХ|Үйлдвэрчний Хороо
ҮХАА|Үйлдвэр, Хөдөө Аж Ахуй
ҮХЦ|Үндсэн Хуулийн Цэц
ҮЦК|Үнэт Цаасны Компани
ҮШБ|Үндэсний Шигшээ Баг
ҮЭ|Үйлдвэрчний Эвлэл
ҮЭХ|Үйлдвэрчний Эвлэлийн Хороо
ӨАБНУ|Өмнөд Африкийн Бүгд Найрамдах Улс
ӨЗО|Өөртөө Засах Орон
ӨМӨЗО|Өвөр Монголын Өөртөө Засах Орон
ӨХХ|Өөрийгөө Хамгаалах Хүч
ӨЭМТ|Өрхийн Эрүүл Мэндийн Төв
ХБИ|Хөгжлийн Бэрхшээлтэй Иргэн